Name,Phone Number
Sarah Taylor,999-673-3269
Emily Williams,911-360-2553
Ava Davis,737-683-5672
Sarah Smith,457-896-4290
Sarah Jones,937-856-5707
Ava Moore,324-271-8979
Emily Smith,465-259-7989
James Miller,765-204-8916
Robert Jones,399-602-5260
Emily Taylor,434-348-2956
Michael Smith,520-730-2390
Robert Davis,767-306-9745
James Taylor,282-270-3686
Isabella Wilson,528-458-4181
Emily Miller,920-460-7406
Isabella Williams,286-246-8935
John Miller,261-907-7443
John Taylor,385-850-9455
James Moore,586-907-7102
Emily Johnson,347-561-1505
Robert Smith,945-548-6845
Robert Moore,808-530-3610
Michael Miller,734-347-1493
Isabella Jones,457-722-6110
John Miller,303-402-4492
Robert Moore,847-478-2823
Sarah Miller,729-714-3956
James Moore,275-269-8281
Olivia Williams,921-568-4905
Sarah Davis,990-477-2697
Ava Williams,419-536-5421
John Moore,846-638-8960
James Davis,134-263-4937
John Taylor,257-698-1791
John Davis,791-904-2222
William Brown,885-930-5777
Sarah Taylor,517-580-8764
Ava Johnson,405-723-2986
Michael Miller,892-326-1781
Emily Johnson,956-469-6467
William Miller,498-374-6808
Ava Davis,766-595-4330
Sarah Wilson,627-912-4312
James Johnson,315-705-9178
Robert Moore,606-118-2414
Michael Smith,834-209-2373
Sarah Johnson,457-532-1883
John Williams,264-161-4696
William Brown,906-286-5554
Robert Williams,812-104-8684
Michael Davis,289-893-9486
John Davis,555-393-6197
Robert Davis,291-379-7103
Michael Davis,979-806-3528
John Moore,595-128-8760
Michael Wilson,449-309-4384
Isabella Brown,542-758-7551
Emily Wilson,560-883-7949
Sarah Taylor,477-127-4543
Robert Taylor,905-662-9260
William Johnson,147-866-7769
John Taylor,712-886-4288
Emily Taylor,672-197-8584
James Johnson,908-838-5314
James Williams,745-870-2501
Isabella Brown,972-522-3743
Michael Smith,242-238-8822
James Jones,935-396-3061
William Smith,137-148-3475
Ava Taylor,820-427-8202
William Jones,834-503-9067
Isabella Williams,514-842-2466
John Moore,639-261-6703
Michael Johnson,519-384-9331
John Moore,521-596-7608
William Wilson,507-901-6532
Michael Taylor,671-636-2175
Olivia Williams,672-101-1182
Ava Wilson,361-108-8295
Emily Moore,577-261-4430
Michael Miller,651-717-1262
Isabella Johnson,496-377-5570
Michael Smith,627-685-5235
Ava Moore,622-676-3272
Ava Moore,557-924-3352
Emily Johnson,365-767-2849
Michael Smith,572-741-7750
Ava Moore,551-434-7989
Ava Williams,719-969-8005
John Johnson,993-211-7827
William Smith,416-957-9074
William Smith,333-846-4976
William Davis,102-845-2343
James Johnson,679-900-7463
Michael Wilson,935-713-6490
Sarah Taylor,684-901-1605
James Taylor,580-168-4273
Emily Brown,474-839-1271
Robert Brown,942-980-3650
William Smith,633-562-1511
Sarah Smith,866-426-5972
Emily Moore,640-816-5995
Olivia Moore,571-137-6225
William Jones,250-143-2230
Isabella Moore,963-928-4284
John Johnson,326-538-3642
Michael Miller,335-450-6860
James Taylor,310-365-1784
Isabella Wilson,912-361-4509
Robert Brown,540-254-4598
Sarah Davis,559-445-6662
Olivia Williams,147-628-6497
Sarah Brown,413-182-7125
John Brown,464-287-6782
Sarah Johnson,248-353-7728
James Williams,779-909-9352
Ava Miller,574-631-7882
William Williams,505-175-1120
James Davis,102-181-3967
William Wilson,570-206-3866
James Wilson,338-311-4521
Emily Jones,231-193-8189
Olivia Smith,500-325-2235
James Johnson,307-928-3101
Olivia Williams,613-646-2906
Ava Jones,442-716-8518
Michael Jones,900-123-3569
Olivia Smith,244-966-6132
William Williams,978-109-4998
Olivia Miller,803-128-6675
James Smith,786-412-8627
Robert Williams,416-872-4790
Isabella Smith,979-332-5501
William Jones,621-403-9658
Ava Moore,324-403-4496
Isabella Brown,195-995-7424
John Brown,798-773-9702
Sarah Smith,185-817-5076
Sarah Wilson,923-628-5115
Isabella Brown,166-399-2325
Michael Williams,201-357-5118
James Smith,277-639-5048
Isabella Brown,881-571-8086
Michael Smith,834-107-3827
Robert Smith,826-874-8961
John Moore,806-913-1708
Ava Williams,790-414-1022
Emily Miller,589-577-1736
William Smith,164-685-3883
Michael Taylor,194-355-2237
John Davis,983-206-4521
Emily Miller,647-823-5277
Emily Johnson,511-985-1383
Sarah Moore,635-877-8570
Michael Johnson,573-948-7852
Isabella Miller,968-843-1271
William Miller,732-823-2969
William Wilson,976-717-4415
Michael Davis,747-368-1495
Emily Davis,854-210-7823
James Taylor,200-796-3218
Robert Davis,249-231-7605
Ava Miller,295-294-6271
William Williams,766-364-1235
William Moore,539-389-7557
Olivia Moore,702-200-8017
Isabella Johnson,153-716-6411
Isabella Jones,501-999-3651
William Moore,668-496-4042
Emily Johnson,647-291-1661
Robert Miller,108-346-2087
Olivia Moore,320-299-2650
James Taylor,607-625-4899
Robert Smith,257-519-2607
Isabella Wilson,175-194-5297
Ava Williams,154-795-4952
James Moore,583-177-4641
William Jones,972-479-3042
William Williams,171-357-2014
Sarah Miller,661-305-5416
Ava Johnson,677-288-6808
Isabella Jones,348-774-4848
Robert Miller,747-697-3647
Ava Taylor,736-905-8917
Isabella Wilson,334-578-7110
Emily Williams,593-417-9408
William Jones,592-288-4307
Robert Moore,986-688-5424
Ava Johnson,918-222-3335
Olivia Williams,391-345-5251
Michael Johnson,510-642-8619
William Taylor,551-509-6434
Ava Williams,592-825-7339
Robert Johnson,273-987-2406
Isabella Davis,104-128-6774
Ava Wilson,702-511-3064
Sarah Brown,545-877-3181
John Williams,937-934-8118
Ava Davis,653-950-4272
Michael Johnson,825-127-9882
Michael Smith,738-440-6341
John Williams,761-625-5942
John Williams,394-872-8418
Emily Davis,740-644-1082
Robert Miller,129-839-9166
William Smith,220-768-6203
James Brown,411-115-4180
James Jones,261-830-9679
John Williams,694-114-5320
Isabella Brown,404-439-1177
Isabella Jones,605-129-4423
Olivia Davis,699-689-6682
Emily Davis,882-872-1490
Sarah Brown,823-851-7966
Isabella Miller,577-667-5064
Ava Miller,632-330-2880
Isabella Brown,527-396-6659
Michael Davis,999-490-8212
James Davis,808-363-1064
Ava Davis,353-504-9131
James Miller,260-781-3523
John Brown,316-793-3928
Michael Miller,467-827-3819
Ava Taylor,915-431-9362
Olivia Smith,984-753-2868
William Johnson,224-716-8331
John Williams,180-920-3181
Ava Davis,889-722-3025
William Williams,849-753-2686
Olivia Smith,104-843-2830
Sarah Brown,518-392-8922
John Brown,107-201-1602
Sarah Moore,583-811-2581
James Taylor,944-398-7056
William Taylor,451-714-6868
John Johnson,728-810-8732
John Moore,981-237-3696
Michael Wilson,261-998-6561
Robert Moore,982-874-7911
Robert Jones,487-886-4593
Olivia Wilson,275-299-7591
Emily Miller,260-422-7848
Olivia Williams,593-873-7520
Emily Smith,736-625-3822
Michael Johnson,127-441-5855
John Moore,953-775-8641
Olivia Brown,313-482-7711
Robert Williams,459-685-8658
James Miller,499-228-7456
James Johnson,159-838-5165
William Moore,137-896-2559
William Miller,687-992-2932
John Johnson,903-633-9644
John Brown,945-499-5962
Emily Jones,928-610-5430
Robert Davis,997-315-2397
John Williams,233-493-5927
James Smith,646-249-3294
Isabella Davis,876-280-2492
Robert Williams,995-493-6803
Robert Taylor,582-863-5121
Isabella Taylor,456-348-2306
Isabella Miller,592-641-3547
Michael Williams,122-284-3131
Ava Smith,817-695-6562
Robert Miller,146-193-9202
Michael Smith,948-994-9485
Sarah Jones,539-360-5052
Sarah Miller,431-972-1744
Michael Davis,225-460-3204
Olivia Taylor,160-219-8750
Olivia Williams,352-965-3821
John Moore,468-453-1571
Isabella Brown,956-255-4396
Emily Smith,937-562-7353
Emily Brown,607-465-7438
William Miller,611-190-7561
John Wilson,647-291-7124
Isabella Jones,972-241-2411
Sarah Jones,287-606-5886
William Smith,124-478-2284
Sarah Williams,638-967-7604
Sarah Brown,246-529-4236
Isabella Jones,922-554-7981
Isabella Jones,843-257-2471
Ava Johnson,430-364-2610
Olivia Wilson,164-565-7698
Robert Wilson,678-187-3519
Olivia Davis,989-925-4286
Sarah Jones,264-396-6599
Sarah Moore,178-287-6168
Isabella Wilson,776-162-1558
Olivia Taylor,392-997-2836
John Wilson,740-672-3951
Ava Williams,407-280-6520
Olivia Johnson,400-116-3801
Isabella Johnson,254-658-8075
Michael Williams,617-876-5225
Emily Brown,255-113-5677
Sarah Wilson,752-605-1948
John Wilson,246-148-5667
Isabella Miller,523-381-5922
James Brown,126-260-4776
Michael Johnson,545-727-6736
William Smith,472-660-3096
Olivia Williams,997-964-1786
Olivia Davis,920-585-4590
William Wilson,406-651-2833
William Taylor,404-699-1002
William Brown,217-391-5707
Isabella Moore,245-249-5995
William Jones,376-697-8671
John Wilson,383-180-3648
Olivia Williams,700-231-3380
James Wilson,770-179-8500
Sarah Brown,372-819-5539
James Moore,132-609-8974
Robert Miller,119-411-5816
William Johnson,634-652-9507
Robert Miller,265-171-7303
Robert Johnson,251-572-3359
Isabella Jones,230-327-1579
Emily Wilson,677-262-4203
Michael Williams,225-235-3085
Isabella Miller,499-589-9079
William Williams,420-993-2475
Robert Williams,734-374-8184
Isabella Taylor,136-524-5786
Isabella Johnson,534-399-4931
Ava Jones,270-988-6092
Olivia Miller,694-273-5293
Robert Taylor,126-110-1015
Emily Miller,832-323-3694
James Miller,878-618-2048
Ava Wilson,215-155-4000
Isabella Moore,179-427-8619
Olivia Wilson,853-938-4408
James Taylor,253-307-7221
William Jones,630-781-7890
Olivia Taylor,571-937-8920
William Smith,133-887-1940
Robert Moore,564-852-6404
John Brown,321-364-8488
Ava Williams,322-701-8278
Emily Davis,400-806-1091
Ava Wilson,475-999-8036
Robert Wilson,192-221-9647
Michael Wilson,425-418-1030
Robert Miller,179-240-2926
William Wilson,314-892-5213
Michael Smith,115-238-6941
James Wilson,333-688-3162
Ava Taylor,201-163-8070
William Johnson,288-950-7361
Ava Smith,475-912-5378
Emily Miller,234-657-2789
William Smith,434-619-9682
Olivia Brown,200-923-5774
James Moore,705-848-9894
John Williams,401-101-2793
Isabella Brown,213-140-3238
William Taylor,619-612-1639
Olivia Miller,243-106-9681
Robert Wilson,391-119-2136
Michael Jones,909-899-3625
Ava Jones,322-178-7717
James Miller,957-283-8070
Ava Wilson,743-665-5191
Sarah Brown,715-664-4304
Ava Moore,434-577-4918
John Williams,508-212-2086
James Taylor,612-637-8840
Emily Williams,904-358-6860
Michael Smith,700-386-3573
Sarah Brown,741-414-7090
John Johnson,214-107-8667
William Jones,506-712-4172
John Taylor,164-412-4279
Robert Williams,697-315-5786
Michael Williams,814-172-3741
Michael Brown,290-798-5094
Emily Moore,373-287-1298
Isabella Williams,812-703-1233
Emily Miller,103-294-9916
Robert Davis,120-739-1041
William Moore,192-527-8411
Michael Smith,363-608-9640
Emily Wilson,695-549-8088
Emily Miller,533-156-8155
Emily Williams,682-157-3230
Robert Jones,429-135-5586
Michael Smith,817-161-2421
Emily Davis,928-556-2333
Isabella Davis,554-448-3712
Ava Williams,522-338-4852
James Johnson,996-551-9646
Robert Taylor,385-868-1771
Ava Davis,447-213-9162
Ava Taylor,735-743-4906
Michael Miller,554-579-1291
James Miller,323-600-3551
Olivia Johnson,242-148-5721
Olivia Davis,193-478-9353
William Taylor,333-122-4641
Robert Williams,499-535-1022
Emily Wilson,237-141-2922
James Davis,749-805-1371
John Davis,242-214-9924
Sarah Jones,361-801-9119
Emily Williams,489-596-3110
Emily Johnson,904-306-2821
Isabella Jones,252-549-2454
James Miller,182-976-3382
Robert Davis,706-538-7690
Michael Brown,983-276-5585
John Miller,243-920-6150
Ava Miller,488-812-1961
Isabella Miller,281-467-4131
Michael Davis,729-620-4048
Olivia Moore,558-585-4824
Sarah Smith,238-966-2036
Emily Taylor,403-191-3442
John Johnson,444-896-7187
Sarah Brown,727-335-7006
Ava Wilson,582-962-7931
John Davis,697-668-4642
Michael Johnson,567-689-2131
Sarah Taylor,300-626-5740
Michael Miller,345-316-6861
James Smith,187-785-1702
James Johnson,513-682-2491
John Jones,304-345-5221
Michael Jones,144-405-6409
William Williams,817-362-8311
William Moore,107-304-9687
Robert Davis,705-649-4576
Isabella Wilson,248-756-7910
John Wilson,876-335-3068
Isabella Johnson,557-866-1522
Olivia Johnson,202-275-6371
Michael Johnson,253-909-9339
James Davis,295-664-9496
Emily Johnson,514-715-7695
John Jones,756-996-7342
Emily Brown,650-280-8411
Olivia Jones,349-468-9155
Robert Brown,239-241-4911
Emily Williams,933-767-7799
Michael Miller,950-999-3300
Isabella Brown,187-607-9257
Isabella Taylor,296-753-3091
James Johnson,415-960-5793
Emily Jones,121-681-9068
Sarah Jones,275-133-7952
Isabella Miller,156-188-1360
Ava Johnson,844-889-5634
John Johnson,433-644-6398
Robert Brown,764-704-1853
Robert Johnson,758-630-3367
Sarah Taylor,247-322-4931
Michael Johnson,319-896-2638
Sarah Taylor,503-983-7227
Sarah Davis,379-224-5603
William Johnson,627-542-3927
Michael Johnson,483-540-9963
Ava Brown,711-166-9505
Olivia Smith,137-971-3339
Sarah Taylor,650-840-5727
Olivia Williams,974-168-2056
Ava Smith,506-386-7278
Michael Johnson,480-945-9764
Sarah Jones,171-674-5948
Robert Jones,288-305-3565
Olivia Smith,232-739-1738
Isabella Johnson,494-560-6539
Isabella Miller,636-958-6189
William Jones,700-503-5557
James Taylor,604-827-3074
Isabella Johnson,314-437-2262
Ava Wilson,266-447-4658
Isabella Jones,396-629-3964
William Taylor,852-204-7085
Robert Taylor,252-358-6755
Emily Moore,586-624-8217
Isabella Smith,682-530-6270
Michael Davis,357-735-9507
William Davis,732-865-1745
Robert Jones,126-699-3472
Ava Moore,127-482-6434
Ava Taylor,849-818-1322
Sarah Davis,260-806-7583
Emily Brown,362-581-4941
Isabella Jones,403-976-1396
Olivia Williams,823-648-9464
John Jones,881-641-9721
William Williams,762-379-7375
Olivia Taylor,935-861-3064
Michael Taylor,449-940-5353
Emily Davis,735-494-9367
Michael Miller,865-270-8426
Michael Johnson,207-363-6375
Michael Williams,700-565-2903
Sarah Moore,407-610-5613
Isabella Moore,775-725-4563
Isabella Smith,507-984-7510
James Brown,555-138-9456
James Smith,723-110-1276
Olivia Davis,596-488-5366
Ava Smith,189-895-8557
John Brown,683-408-5278
Michael Miller,197-461-5806
Sarah Davis,574-955-7324
Michael Williams,823-592-4562
Ava Brown,247-604-9173
Isabella Moore,815-676-1206
Sarah Williams,826-850-3481
William Davis,812-788-3558
Michael Williams,401-323-5848
John Davis,966-164-2617
Emily Wilson,100-465-2947
Ava Johnson,311-204-1934
James Jones,245-676-2187
Ava Brown,565-655-2271
John Taylor,836-901-5198
Robert Jones,789-452-7024
Ava Williams,237-341-3584
William Williams,654-995-1903
William Johnson,514-506-1633
Isabella Wilson,247-718-6837
Michael Williams,294-304-4597
John Davis,207-823-3696
Ava Williams,948-297-2546
Olivia Taylor,276-360-7941
Emily Davis,656-807-5491
Ava Brown,462-585-5993
John Miller,779-639-1196
Emily Williams,950-160-7260
William Davis,238-257-2425
James Miller,279-679-5380
Ava Smith,152-734-9011
Isabella Brown,387-949-2297
William Jones,336-241-8327
Isabella Smith,278-886-5785
Emily Jones,369-980-4452
Emily Brown,888-401-4941
James Williams,264-415-8201
Isabella Wilson,673-306-1503
James Brown,345-484-2102
Sarah Jones,551-712-9525
Emily Moore,103-576-5198
Isabella Moore,331-412-9769
Emily Moore,965-115-9128
Isabella Davis,456-508-6531
Michael Miller,810-835-1051
Sarah Johnson,771-585-2138
John Miller,482-244-2327
Ava Davis,173-960-6316
Ava Johnson,310-311-9793
Olivia Johnson,289-684-2783
Olivia Brown,120-105-8300
Robert Wilson,206-524-3504
John Johnson,975-628-4236
William Johnson,368-455-6211
Sarah Johnson,230-971-4764
Michael Brown,466-978-3601
Sarah Moore,356-173-6249
James Miller,462-578-9267
Emily Williams,546-959-9151
Robert Moore,429-480-1927
Ava Wilson,734-471-6966
Michael Brown,572-178-2006
Isabella Wilson,687-342-6532
Michael Smith,586-488-9212
Olivia Miller,985-523-2056
William Moore,376-536-9147
William Jones,830-371-4596
Robert Miller,749-293-8013
Michael Davis,476-657-2575
Olivia Johnson,300-819-3074
Robert Davis,172-828-6878
Olivia Taylor,889-529-3343
Emily Wilson,732-358-5086
James Williams,620-193-6127
John Taylor,978-692-9759
William Smith,553-574-9657
Robert Brown,700-559-5390
Sarah Wilson,962-932-6077
Michael Miller,791-921-6321
Robert Brown,944-881-8641
Michael Taylor,434-829-5530
Robert Davis,463-684-4881
Robert Davis,536-910-9590
John Moore,610-933-6118
Michael Taylor,406-162-9684
Sarah Brown,804-191-5816
Isabella Williams,487-429-4475
Michael Brown,709-105-7850
John Miller,455-251-4043
John Taylor,331-793-5973
James Wilson,541-292-1439
Michael Miller,246-442-4408
John Smith,167-845-8728
Ava Johnson,288-274-6820
James Wilson,641-755-6762
Sarah Johnson,544-189-1903
James Moore,141-786-4371
Michael Williams,771-293-2789
John Miller,695-700-1531
Michael Davis,905-483-5049
Sarah Miller,688-426-1344
Emily Smith,453-532-3714
Michael Taylor,430-247-8649
Sarah Moore,750-296-6108
Michael Williams,597-244-5368
John Miller,638-331-1195
Emily Wilson,885-814-7045
Ava Johnson,212-210-4101
William Williams,668-191-9921
Robert Williams,890-107-5051
Emily Miller,894-872-2442
Isabella Wilson,281-729-8151
Ava Williams,322-311-2689
John Moore,473-165-8404
Isabella Taylor,684-685-1049
Robert Johnson,475-393-7719
Ava Wilson,210-131-3317
Emily Wilson,816-429-2030
John Jones,328-718-5412
Ava Brown,798-786-3210
Emily Brown,396-556-5376
Michael Moore,571-127-5119
Robert Taylor,925-823-5808
Isabella Wilson,898-792-1195
Isabella Johnson,884-591-6514
Isabella Johnson,627-677-1993
John Wilson,760-369-4469
Isabella Miller,374-901-3509
Robert Wilson,369-308-7296
Ava Miller,176-217-9666
Ava Williams,827-666-3462
Emily Johnson,513-486-3871
William Williams,957-992-9103
John Johnson,218-994-7200
Isabella Johnson,239-150-3786
Isabella Williams,496-629-1093
Emily Wilson,795-820-7270
William Miller,946-985-9838
Michael Miller,937-734-9165
Sarah Brown,764-880-1286
Sarah Jones,921-816-8163
William Wilson,832-668-4426
Michael Jones,779-596-7578
Emily Brown,295-429-8564
Olivia Smith,284-422-3717
Robert Johnson,137-367-4508
Olivia Jones,595-179-7577
Ava Jones,520-299-8407
Emily Wilson,643-916-5854
William Davis,853-137-3577
Ava Smith,131-602-2145
William Wilson,996-974-2063
John Taylor,375-251-4300
Isabella Wilson,288-255-6413
Emily Brown,926-669-8778
Emily Davis,700-132-6059
Ava Williams,418-124-7662
John Wilson,713-870-6541
John Moore,424-406-9689
Ava Brown,282-261-8495
Robert Wilson,108-967-7095
James Brown,443-358-7943
Olivia Johnson,572-241-6490
James Smith,593-918-4096
Olivia Johnson,258-100-7543
Sarah Moore,670-404-7264
John Williams,645-496-8667
Isabella Davis,211-402-1197
John Miller,521-252-5934
Isabella Moore,615-648-9331
John Williams,207-652-7286
James Brown,281-562-3884
Sarah Smith,616-590-4585
John Taylor,556-510-2753
Isabella Wilson,816-842-5221
Sarah Brown,399-212-2521
Michael Johnson,260-272-3376
James Brown,863-777-8181
Olivia Johnson,596-574-4881
William Brown,714-773-9576
Isabella Smith,397-876-1605
Isabella Jones,299-805-3361
Ava Wilson,977-720-9929
Isabella Davis,253-725-8687
Olivia Wilson,169-910-9714
Isabella Johnson,906-803-1910
James Brown,758-445-7709
Isabella Johnson,171-844-9329
Ava Davis,225-887-7330
Ava Miller,461-144-9792
Emily Smith,946-238-4359
Ava Brown,280-941-9577
Michael Smith,952-390-5440
John Moore,424-726-8491
John Jones,748-916-2912
James Miller,303-544-1282
Olivia Davis,459-596-3407
Isabella Brown,319-182-3693
James Jones,483-864-6450
Robert Johnson,153-531-3370
Emily Smith,285-960-1738
John Wilson,508-911-4849
William Wilson,643-341-6875
Emily Williams,327-801-4835
Emily Davis,633-370-6612
Olivia Miller,343-591-4067
Olivia Johnson,336-224-8993
James Smith,658-802-9512
Emily Smith,896-545-7055
Olivia Brown,237-769-1102
Sarah Brown,455-573-2383
John Davis,244-355-2583
John Taylor,519-338-3320
William Davis,152-604-1956
Isabella Brown,911-927-8233
John Davis,137-698-6616
Emily Johnson,234-282-4001
Sarah Williams,139-152-5559
William Miller,570-764-7567
Isabella Moore,240-337-1957
Isabella Moore,663-694-4764
Olivia Moore,680-509-2452
Emily Brown,418-945-4978
Olivia Miller,211-813-7490
William Miller,376-846-4716
Emily Brown,874-726-6752
Sarah Taylor,673-209-9405
Sarah Wilson,198-740-9770
Ava Brown,405-446-7321
William Jones,457-266-1542
Michael Johnson,325-696-8578
Isabella Taylor,944-487-4963
Sarah Taylor,526-860-9002
James Brown,279-691-6483
William Williams,750-226-4366
Olivia Smith,599-516-7958
Emily Smith,729-876-6897
Robert Taylor,697-304-1877
Isabella Brown,180-399-4078
Michael Brown,547-722-6477
Emily Brown,680-495-4853
James Jones,249-635-6949
Isabella Jones,693-861-9703
Emily Jones,649-643-7501
Robert Jones,402-220-1036
Ava Davis,511-340-6495
Sarah Jones,253-284-5042
Olivia Johnson,502-191-4246
Emily Jones,886-926-9238
Emily Williams,430-605-2459
William Williams,701-293-8607
John Wilson,514-764-8132
John Taylor,161-326-2931
Olivia Miller,395-132-7505
Sarah Moore,392-957-9846
Michael Davis,131-685-5788
John Williams,300-348-2718
Emily Moore,777-791-8160
Robert Miller,596-269-9645
Olivia Moore,461-432-7129
William Davis,422-670-7694
Michael Davis,904-567-7483
Ava Jones,412-747-3963
William Wilson,353-807-1338
Michael Wilson,213-251-6980
William Wilson,727-331-6141
William Williams,155-330-8981
Michael Wilson,328-722-4192
Michael Wilson,961-458-1443
John Taylor,456-838-1028
Ava Johnson,913-124-2899
James Williams,922-947-1595
Sarah Moore,467-277-1916
Michael Wilson,278-355-9853
James Brown,628-945-9931
William Wilson,612-741-7279
Ava Brown,391-642-1377
Robert Wilson,165-998-1965
John Miller,158-445-3240
Olivia Wilson,130-119-5823
Emily Jones,701-123-2961
John Wilson,455-536-5980
Michael Smith,168-138-5485
Ava Miller,571-548-3240
Robert Smith,943-637-5929
Isabella Moore,538-635-5376
James Miller,419-202-1352
William Miller,721-732-7429
Olivia Davis,231-368-4662
Michael Wilson,702-243-8101
Emily Moore,863-646-1764
Ava Miller,235-588-4005
Michael Taylor,490-472-8652
Sarah Wilson,317-371-8234
Olivia Jones,325-837-9074
Michael Williams,895-596-7208
Emily Brown,706-309-6520
Isabella Brown,709-254-9996
John Miller,523-975-4483
Olivia Johnson,392-550-6521
John Miller,273-302-1518
Robert Johnson,209-522-3537
Robert Smith,468-624-3983
Isabella Moore,949-677-3366
William Miller,972-660-6879
Robert Wilson,633-932-3500
William Moore,452-345-2088
Sarah Wilson,814-464-4467
Sarah Smith,508-146-4055
James Jones,771-853-8314
Ava Wilson,339-409-5646
Olivia Brown,972-202-7046
Sarah Smith,288-436-4813
Sarah Wilson,849-973-6903
Isabella Moore,509-315-1740
John Brown,933-932-7191
Emily Johnson,963-850-3444
Emily Williams,442-226-4534
Isabella Smith,569-952-1037
Olivia Wilson,382-212-7442
Olivia Wilson,226-902-4077
Sarah Johnson,859-666-8687
Olivia Taylor,737-979-8697
Michael Wilson,672-474-1989
Olivia Williams,457-767-1395
Emily Taylor,320-411-2676
Emily Wilson,434-144-7488
Michael Moore,148-628-3632
Robert Moore,550-886-1673
Isabella Brown,465-357-6230
James Taylor,164-588-4634
Emily Jones,675-172-2286
William Brown,356-142-6019
Sarah Moore,174-751-9695
Ava Wilson,898-333-3849
Isabella Miller,243-206-7886
Ava Brown,238-843-2812
Isabella Williams,525-340-2285
Isabella Jones,611-824-8962
James Wilson,827-947-3804
Isabella Williams,397-966-6344
Olivia Davis,632-725-8585
Michael Davis,465-938-4368
Sarah Jones,996-161-3792
Isabella Johnson,805-568-4702
Emily Moore,325-625-6359
Robert Williams,523-219-3196
Isabella Davis,143-742-8060
Robert Davis,229-486-8782
William Jones,940-967-2096
Olivia Miller,397-695-4840
Isabella Wilson,866-474-3328
Isabella Wilson,632-137-7476
Robert Wilson,607-526-7525
Ava Williams,996-302-9666
Ava Taylor,920-284-7256
Robert Taylor,826-957-5022
Olivia Smith,901-152-9551
Emily Johnson,659-596-8846
Olivia Davis,308-531-5474
Robert Moore,137-584-1984
Olivia Jones,835-844-6290
Robert Johnson,175-905-6870
Olivia Williams,445-913-1871
John Wilson,671-109-7131
Ava Moore,678-197-4817
Emily Miller,154-406-7814
Ava Moore,341-586-6241
Isabella Moore,381-828-6542
John Wilson,795-567-7267
James Miller,225-482-1999
Isabella Brown,639-910-5927
Michael Moore,406-884-2948
Michael Miller,513-536-1542
Emily Johnson,881-911-7746
Sarah Miller,522-536-8360
James Williams,471-780-4136
Isabella Moore,166-753-7574
Olivia Davis,356-320-7152
Isabella Williams,683-888-8228
Emily Jones,274-295-9411
Robert Miller,742-633-3356
Isabella Johnson,386-780-4410
Isabella Smith,789-188-3942
John Brown,915-857-7630
Isabella Wilson,741-270-6689
Olivia Brown,849-436-2618
Sarah Taylor,452-767-5095
John Smith,950-176-1200
Isabella Brown,988-960-1120
Michael Johnson,879-461-3882
Ava Miller,247-805-1069
John Taylor,745-721-9716
Emily Taylor,802-631-1307
Michael Taylor,668-832-5535
Emily Jones,392-739-8435
Ava Miller,911-901-9177
Robert Davis,449-305-3974
John Smith,257-189-1294
Michael Wilson,744-588-2525
Isabella Taylor,375-675-7184
Ava Moore,434-807-2257
Robert Smith,971-585-3107
William Williams,318-983-7387
William Wilson,706-192-1403
James Smith,111-484-9432
William Smith,364-666-1452
Sarah Miller,221-616-9496
Emily Moore,794-531-1762
Ava Miller,588-919-7597
Robert Davis,125-918-9705
Robert Taylor,758-819-7061
Emily Taylor,991-900-5120
William Jones,262-180-5398
Sarah Williams,752-493-6548
Michael Taylor,788-991-1276
Michael Smith,809-793-8633
Robert Williams,267-698-7904
Michael Moore,752-443-1630
James Wilson,513-811-6426
Emily Taylor,753-541-9678
Olivia Smith,590-574-9734
John Taylor,748-948-6228
John Johnson,645-200-8941
Isabella Smith,272-265-8000
Robert Davis,789-406-9692
Sarah Smith,198-785-7329
Robert Brown,120-687-5644
James Johnson,673-309-4692
Emily Moore,698-472-6946
Ava Johnson,293-918-4577
Michael Moore,255-409-2067
Sarah Smith,652-205-9300
Ava Taylor,324-509-1974
Michael Davis,663-540-8179
William Taylor,492-770-3611
Emily Brown,367-814-6162
John Taylor,863-165-3792
John Wilson,224-378-7793
John Davis,892-267-1236
Emily Moore,157-500-3389
John Brown,101-151-8311
Olivia Miller,867-935-9249
James Smith,398-680-5371
Ava Brown,692-380-1772
Michael Miller,298-621-4860
Ava Wilson,834-346-6143
William Jones,705-603-1566
Olivia Brown,722-267-4473
Ava Moore,597-773-9102
Ava Miller,102-410-3167
John Jones,769-356-8843
Isabella Johnson,314-706-2801
Ava Moore,790-619-1700
William Brown,613-262-9768
Isabella Smith,981-279-5844
Isabella Smith,454-420-8008
Olivia Jones,126-791-7020
Olivia Johnson,272-130-8549
James Wilson,938-688-8737
James Taylor,681-905-4369
John Wilson,630-104-2590
Robert Miller,743-287-9795
Michael Wilson,650-685-7956
Michael Miller,387-641-2077
Robert Brown,289-482-6826
Isabella Brown,967-542-1927
Olivia Wilson,104-484-6558
Ava Johnson,499-911-5748
John Williams,823-495-1155
Sarah Davis,633-405-2017
Isabella Williams,202-212-4497
Ava Smith,139-241-8694
Michael Smith,789-131-6336
Ava Wilson,464-168-9721
Sarah Miller,627-567-9447
Isabella Taylor,405-336-6353
Isabella Wilson,442-710-9955
Michael Johnson,382-372-7975
William Moore,916-536-9168
Sarah Jones,292-447-5537
Michael Brown,687-540-2557
Ava Johnson,970-444-9108
James Johnson,648-723-5260
William Wilson,564-192-5952
James Smith,970-697-9610
William Brown,560-793-5599
James Williams,874-941-1532
Ava Brown,223-593-4273
Ava Williams,835-107-2230
James Wilson,750-310-7675
